{
  "benchmark": "memory_retrieval",
  "timestamp": "2026-04-17T20:54:55.186227",
  "iterations": 10,
  "latencies_ms": [
    115.57769775390625,
    0.6568431854248047,
    0.5848407745361328,
    0.5829334259033203,
    0.5404949188232422,
    0.5164146423339844,
    0.5273818969726562,
    0.5195140838623047,
    0.5483627319335938,
    0.5049705505371094
  ],
  "avg_latency_ms": 12.05594539642334,
  "hit_rate": 1.0,
  "tokens_used": 21
}