{
  "benchmark": "memory_retrieval",
  "timestamp": "2026-04-17T20:25:30.618271",
  "iterations": 10,
  "latencies_ms": [
    118.68548393249512,
    0.67901611328125,
    0.6136894226074219,
    0.583648681640625,
    0.5691051483154297,
    0.5242824554443359,
    0.5481243133544922,
    0.5371570587158203,
    0.5369186401367188,
    0.537872314453125
  ],
  "avg_latency_ms": 12.381529808044434,
  "hit_rate": 1.0,
  "tokens_used": 21
}