{
  "benchmark": "skill_latency",
  "timestamp": "2026-04-17T20:25:30.389182",
  "iterations": 10,
  "latencies_ms": [
    110.62908172607422,
    0.7371902465820312,
    0.7598400115966797,
    0.7073879241943359,
    0.7150173187255859,
    0.7395744323730469,
    0.7162094116210938,
    0.7169246673583984,
    0.7338523864746094,
    0.7336139678955078
  ],
  "avg_latency_ms": 11.71886920928955,
  "p50_latency_ms": 0.7338523864746094,
  "p95_latency_ms": 110.62908172607422,
  "max_latency_ms": 110.62908172607422
}