{
  "benchmark": "skill_latency",
  "timestamp": "2026-04-17T20:54:54.966755",
  "iterations": 10,
  "latencies_ms": [
    108.49905014038086,
    0.7038116455078125,
    0.6694793701171875,
    0.6036758422851562,
    0.6306171417236328,
    0.6647109985351562,
    0.6773471832275391,
    0.6625652313232422,
    0.67901611328125,
    0.6699562072753906
  ],
  "avg_latency_ms": 11.446022987365723,
  "p50_latency_ms": 0.6699562072753906,
  "p95_latency_ms": 108.49905014038086,
  "max_latency_ms": 108.49905014038086
}