{
  "benchmark": "task_success_rate",
  "timestamp": "2026-04-17T20:25:29.933917",
  "iterations": 10,
  "successes": 0,
  "failures": 10,
  "success_rate": 0.0,
  "avg_latency_ms": 34.09152030944824
}